{
	"sydneyhud_options": "SydneyHUD",
	"sydneyhud_options_desc": "SydneyHUD options",
	"sydneyhud_reset": "Reset all options",
	"sydneyhud_reset_desc": "Sets all SydneyHUD options back to default",
	"sydneyhud_reset_message": "Are you sure you want to reset all SydneyHUD options?\nNote: Restart Required!",
	"sydneyhud_reset_ok": "Yes",
	"sydneyhud_reset_cancel": "Cancel",

	"sydneyhud_language": "Language",
	"sydneyhud_language_desc": "Choose the language you want to see in SydneyHUD",
	"language_english": "English",
	"language_japanese": "日本語",
	"language_french": "Français",

	"interact_tweak": "Interaction tweaks",
	"interact_tweak_desc": "Tweak your interactions",

	"buy_all_assets": "Buy all",
	"buy_all_assets_desc": "Buy all the assets that you are permitted to acquire",

	"sydneyhud_menu_tweaks": "Menu/lobby tweaks",
	"sydneyhud_menu_tweaks_desc": "Skip screens, show/hide weapons",

	"skip_black_screen": "Skip the black screen",
	"skip_black_screen_desc": "Skips the black screen at the beginning of a heist",
	"skip_stat_screen": "Skip stat screen",
	"skip_stat_screen_desc": "Skips the stat screen",
	"stat_screen_skip": "Stat skip delay",
	"stat_screen_skip_desc": "Skips the stat screen after X seconds",
	"skip_card_picking": "Auto pick card",
	"skip_card_picking_desc": "Skips the card picking by randomly auto picking one of them",
	"skip_loot_screen": "Skip loot screen",
	"skip_loot_screen_desc": "Skips the loot screen",
	"loot_screen_skip": "Loot skip delay",
	"loot_screen_skip_desc": "Skips the loot screen after X seconds",

	"hud_lists_options": "HUD lists",
	"hud_lists_options_desc": "Configure lists for timers, drills, ECM's, pagers, bags, hostages, enemies, buffs etc.",

	"show_timers": "Show timers",
	"show_timers_desc": "Enables or disables timers",
	"show_equipment": "Show equipment",
	"show_equipment_desc": "Deployables (ammo, doc bags, body bags)",
	"show_sentries": "Show sentries",
	"show_sentries_desc": "Deployable sentries",
	"hide_empty_sentries": "Hide empty Sentries",
	"hide_empty_sentries_desc": "Hide sentries with no ammo if player lacks the skill to refill them",
	"show_ecms": "Show ECM's",
	"show_ecms_desc": "Shows active ECM's",
	"show_ecm_retrigger": "Show ECM Retrigger",
	"show_ecm_retrigger_desc": "Countdown for own ECM feedback retrigger delay",
	"show_minions": "Show minions",
	"show_minions_desc": "Converted enemies, type and health",
	"show_pagers": "Show pagers",
	"show_pagers_desc": "Shows active pagers",
	"show_tape_loop": "Show tape loop",
	"show_tape_loop_desc": "Show active tape loop duration",
	"show_enemies": "Show enemies",
	"show_enemies_desc": "Show the currently spawned enemies",
	"aggregate_enemies": "Aggregate enemies",
	"aggregate_enemies_desc": "Don't split enemies on type; use a single entry for all",
	"show_turrets": "Show Turrets",
	"show_turrets_desc": "Show active SWAT turrets",
	"show_civilians": "Show civilians",
	"show_civilians_desc": "Currently spawned, untied civilians",
	"show_hostages": "Show hostages",
	"show_hostages_desc": "Currently tied civilians and dominated cops",
	"show_minion_count": "Show minion count",
	"show_minion_count_desc": "Current number of jokered enemies",
	"show_pager_count": "Show pager count",
	"show_pager_count_desc": "Shows the number of triggered pagers",
	"show_loot": "Show loot",
	"show_loot_desc": "Shows spawned interactable loot",
	"aggregate_loot": "Aggregate loot",
	"aggregate_loot_desc": "Don't split loot on type; use a single entry for all",
	"separate_bagged_loot": "Separate bagged loot",
	"separate_bagged_loot_desc": "Show bagged loot as a separate value",
	"show_special_pickups": "Show special pickups",
	"show_special_pickups_desc": "Show number of special equipment/items",
	"show_gage_packages": "Show gage packages",
	"show_gage_packages_desc": "Show number of gage packages",
	"show_buffs": "Show buffs",
	"show_buffs_desc": "Shows buffs and debuffs",

	"enemy_color_r": "Enemy-Red",
	"enemy_color_r_desc": "Enemy color",
	"enemy_color_g": "Enemy-Green",
	"enemy_color_g_desc": "Enemy color",
	"enemy_color_b": "Enemy-Blue",
	"enemy_color_b_desc": "Enemy color",
	"civilian_color_r": "Civilian-Red",
	"civilian_color_r_desc": "Civilian color",
	"civilian_color_g": "Civilian-Green",
	"civilian_color_g_desc": "Civilian color",
	"civilian_color_b": "Civilian-Blue",
	"civilian_color_b_desc": "Civilian color",

	"kill_counter_options": "Kill counter",
	"kill_counter_options_desc": "Configure kill counter",

	"enable_kill_counter": "Enable kill counter",
	"enable_kill_counter_desc": "Enables the kill counter",
	"show_special_kills": "Show special kills",
	"show_special_kills_desc": "Kill counter shows the special kills",
	"show_headshot_kills": "Show headshot kills",
	"show_headshot_kills_desc": "Kill counter shows the headshot kills",
	"show_ai_kills": "Show AI kills",
	"show_ai_kills_desc": "Kill counter shows AI kills",

	"gadget_options": "Gadget options",
	"gadget_options_desc": "Gadget options",

	"enable_flashlight_extender": "Enable flashlight extender",
	"enable_flashlight_extender_desc": "Enables the flashlight extender",
	"flashlight_range": "Flashlight range",
	"flashlight_range_desc": "Range of beam, 0+ (default 1000 -> 10m)",
	"flashlight_angle": "Flashlight angle",
	"flashlight_angle_desc": "Angle/width of beam, 0-160 (default 60)",

	"enable_laser_options": "Custom player laser (own)",
	"enable_laser_options_desc": "Change the color of player lasers",
	"laser_color_r": "Red",
	"laser_color_r_desc": "Laser color",
	"laser_color_g": "Green",
	"laser_color_g_desc": "Laser color",
	"laser_color_b": "Blue",
	"laser_color_b_desc": "Laser color",
	"laser_color_rainbow": "Rainbow colors",
	"laser_color_rainbow_desc": "Overrides custom colors above",
	"laser_color_a": "Ray alpha",
	"laser_color_a_desc": "Ray alpha",
	"laser_glow": "Dot glow",
	"laser_glow_desc": "Dot glow",
	"laser_light": "Dot brightness",
	"laser_light_desc": "Dot brightness",

	"enable_laser_options_others": "Custom player laser (others)",
	"enable_laser_options_others_desc": "Change the color of player lasers",
	"laser_color_r_others": "Red",
	"laser_color_r_others_desc": "Laser color",
	"laser_color_g_others": "Green",
	"laser_color_g_others_desc": "Laser color",
	"laser_color_b_others": "Blue",
	"laser_color_b_others_desc": "Laser color",
	"laser_color_rainbow_others": "Rainbow colors",
	"laser_color_rainbow_others_desc": "Overrides custom colors above",
	"laser_color_a_others": "Ray alpha",
	"laser_color_a_others_desc": "Ray alpha",
	"laser_glow_others": "Dot glow",
	"laser_glow_others_desc": "Dot glow",
	"laser_light_others": "Dot brightness",
	"laser_light_others_desc": "Dot brightness",

	"enable_laser_options_snipers": "Custom sniper laser",
	"enable_laser_options_snipers_desc": "Change the color of sniper lasers",
	"laser_color_r_snipers": "Red",
	"laser_color_r_snipers_desc": "Laser color",
	"laser_color_g_snipers": "Green",
	"laser_color_g_snipers_desc": "Laser color",
	"laser_color_b_snipers": "Blue",
	"laser_color_b_snipers_desc": "Laser color",
	"laser_color_rainbow_snipers": "Rainbow colors",
	"laser_color_rainbow_snipers_desc": "Overrides custom colors above",
	"laser_color_a_snipers": "Ray alpha",
	"laser_color_a_snipers_desc": "Ray alpha",
	"laser_glow_snipers": "Dot glow",
	"laser_glow_snipers_desc": "Dot glow",
	"laser_light_snipers": "Dot brightness",
	"laser_light_snipers_desc": "Dot brightness",

	"enable_laser_options_turret": "Custom turret laser (normal)",
	"enable_laser_options_turret_desc": "Change the color of turret lasers",
	"laser_color_r_turret": "Red",
	"laser_color_r_turret_desc": "Laser color",
	"laser_color_g_turret": "Green",
	"laser_color_g_turret_desc": "Laser color",
	"laser_color_b_turret": "Blue",
	"laser_color_b_turret_desc": "Laser color",
	"laser_color_rainbow_turret": "Rainbow colors",
	"laser_color_rainbow_turret_desc": "Overrides custom colors above",
	"laser_color_a_turret": "Ray alpha",
	"laser_color_a_turret_desc": "Ray alpha",
	"laser_glow_turret": "Dot glow",
	"laser_glow_turret_desc": "Dot glow",
	"laser_light_turret": "Dot brightness",
	"laser_light_turret_desc": "Dot brightness",

	"enable_laser_options_turretr": "Custom turret laser (reloading)",
	"enable_laser_options_turretr_desc": "Change the color of turret lasers",
	"laser_color_r_turretr": "Red",
	"laser_color_r_turretr_desc": "Laser color",
	"laser_color_g_turretr": "Green",
	"laser_color_g_turretr_desc": "Laser color",
	"laser_color_b_turretr": "Blue",
	"laser_color_b_turretr_desc": "Laser color",
	"laser_color_rainbow_turretr": "Rainbow colors",
	"laser_color_rainbow_turretr_desc": "Overrides custom colors above",
	"laser_color_a_turretr": "Ray alpha",
	"laser_color_a_turretr_desc": "Ray alpha",
	"laser_glow_turretr": "Dot glow",
	"laser_glow_turretr_desc": "Dot glow",
	"laser_light_turretr": "Dot brightness",
	"laser_light_turretr_desc": "Dot brightness",

	"enable_laser_options_turretm": "Custom turret laser (MAD)",
	"enable_laser_options_turretm_desc": "Change the color of turret lasers",
	"laser_color_r_turretm": "Red",
	"laser_color_r_turretm_desc": "Laser color",
	"laser_color_g_turretm": "Green",
	"laser_color_g_turretm_desc": "Laser color",
	"laser_color_b_turretm": "Blue",
	"laser_color_b_turretm_desc": "Laser color",
	"laser_color_rainbow_turretm": "Rainbow colors",
	"laser_color_rainbow_turretm_desc": "Overrides custom colors above",
	"laser_color_a_turretm": "Ray alpha",
	"laser_color_a_turretm_desc": "Ray alpha",
	"laser_glow_turretm": "Dot glow",
	"laser_glow_turretm_desc": "Dot glow",
	"laser_light_turretm": "Dot brightness",
	"laser_light_turretm_desc": "Dot brightness",

	"interaction_color_r": "Interaction text red",
	"interaction_color_r_desc": "Interaction text color",
	"interaction_color_g": "Interaction text green",
	"interaction_color_g_desc": "Interaction text color",
	"interaction_color_b": "Interaction text blue",
	"interaction_color_b_desc": "Interaction text color",

	"push_to_interact": "Push to interact",
	"push_to_interact_desc": "No longer need to hold the interaction key [F]",

	"equipment_interrupt": "Inventory key interrupt",
	"equipment_interrupt_desc": "Interrupt interaction by inventory key [G], instead of interaction key [F]",

	"sydneyhud_gameplay_tweaks": "Gameplay tweaks",
	"sydneyhud_gameplay_tweaks_desc": "Gameplay tweaks",

	"remove_answered_pager_contour": "Remove answered pager contour",
	"remove_answered_pager_contour_desc": "Removes the interaction contour on answered pagers",

	"anti_stealth_grenades": "Anti stealth grenades",
	"anti_stealth_grenades_desc": "Suppress throwing of grenades in stealth (click again to force throw)",

	"sydneyhud_hud_tweaks": "HUD tweaks",
	"sydneyhud_hud_tweaks_desc": "HUD tweaks",

	"enable_pacified": "Pacified civilian marker",
	"enable_pacified_desc": "Enables green marker for pacified civilians",

	"show_melee_interaction": "Show melee charging as interaction",
	"show_melee_interaction_desc": "Show interaction indicators when charging melee attack",
	"show_reload_interaction": "Show reload as interaction",
	"show_reload_interaction_desc": "Show interaction indicators when reloading",
	"show_interaction_circle": "Show interaction circle",
	"show_interaction_circle_desc": "Show the vanilla interaction circle",
	"show_interaction_text": "Numerical interaction timer",
	"show_interaction_text_desc": "Show numerical interaction timer text",
	"show_suspicion_text": "Numerical suspicion",
	"show_suspicion_text_desc": "Show numerical suspicion text",
	"show_text_borders": "Black text borders",
	"show_text_borders_desc": "Show black borders around the interaction/suspicion texts",

	"truncate_name_tags": "Truncate name tags",
	"truncate_name_tags_desc": "Truncate clan tags off names and replace them with a small dot",
	"show_client_ranks": "Show player ranks",
	"show_client_ranks_desc": "Show team mate ranks in front of the names",
	"show_own_rank": "Show own rank",
	"show_own_rank_desc": "Show the own rank in front of the own name",
	"colorize_names": "Colorize names",
	"colorize_names_desc": "Colorize player names",

	"show_stamina_meter": "Show stamina meter",
	"show_stamina_meter_desc": "Show the stamina meter",
	"show_armor_timer": "Show armor timer",
	"show_armor_timer_desc": "Show the time until armor regenerates",
	"show_inspire_timer": "Show inspire timer",
	"show_inspire_timer_desc": "Show the time of being inspired",

	"hps_meter": "HPS meter",
	"hps_meter_desc": "Heal per second meter options",
	"enable_hps_meter": "Enable HPS meters",
	"enable_hps_meter_desc": "Enables the heal per second meters",
	"hps_refresh_rate": "Refresh rate",
	"hps_refresh_rate_desc": "The time to wait between refreshes (in seconds)",
	"show_hps_current": "Show current HPS",
	"show_hps_current_desc": "Shows your current heal per second",
	"current_hps_timeout": "Current HPS timeout",
	"current_hps_timeout_desc": "The time between heals to be added to current measuring (seconds)",
	"show_hps_total": "Show total HPS",
	"show_hps_total_desc": "Shows your heal per second of the heist day",

	"center_assault_banner": "Center assault banner",
	"center_assault_banner_desc": "Center assault banner",
	"enable_enhanced_assault_banner": "Enhanced Assault Banner",
	"enable_enhanced_assault_banner_desc": "Shows detailed information about the current assault progress",
	"enhanced_assault_spawns": "Show spawns left",
	"enhanced_assault_spawns_desc": "Show spawns left (depends on enhanced assault banner)",
	"enhanced_assault_time": "Show time left",
	"enhanced_assault_time_desc": "Show time left (depends on enhanced assault banner)",
	"enhanced_assault_count": "Show wave count",
	"enhanced_assault_count_desc": "Show wave count (depends on enhanced assault banner)",

	"enable_buy_all_assets": "Enable Buy all assets",
	"enable_buy_all_assets_desc": "Transforms the Gage package assets into 'Buy All', in the briefing screen",

	"lobby_skins_mode": "Lobby weapon skins",
	"lobby_skins_mode_desc": "Force enable or disable weapon skins in game lobbies (only visible for you)",

	"lobby_skins_vanilla": "Normal",
	"lobby_skins_none": "No skins",
	"lobby_skins_primary": "Always primary",
	"lobby_skins_secondary": "Always secondary",

	"anti_bobble": "Anti bobble",
	"anti_bobble_desc": "No more bobble every time",

	"hold_to_pick": "Hold to pick",
	"hold_to_pick_desc": "You can pick the instant cashes by only pressing [F]",
	"hold_to_pick_delay": "Hold to pick delay",
	"hold_to_pick_delay_desc": "Delay the time between the hold to pick. Set 0 to pick as fast as you can.",

	"improved_ammo_count": "Improved ammo count",
	"improved_ammo_count_desc": "Show total ammo without including clip ammo",

	"show_enemy_health": "Enemy health bar",
	"show_enemy_health_desc": "Show enemy health bar",
	"health_bar_color": "Health bar color",
	"health_bar_color_desc": "Choose health bar color",
	"health_bar_color_green": "Green",
	"health_bar_color_blue": "Blue",
	"health_bar_color_mix_green": "Mixed Green",
	"health_bar_color_mix_blue": "Mixed Blue",

	"sydneyhud_chat_info": "Chat information",
	"sydneyhud_chat_info_desc": "Feed information to chat",

	"show_heist_time": "Show heist time",
	"show_heist_time_desc": "Show heist time as prefix on all messages",
	"assault_phase_chat_info": "Feed assault phase",
	"assault_phase_chat_info_desc": "Feed assault phase to chat",
	"assault_phase_chat_info_feed": "Peer feed assault phase",
	"assault_phase_chat_info_feed_desc": "If you're host, send assault phase info chat message to everyone in your crew. (feed assault phase required)",
	"ecm_battery_chat_info": "Feed ECM battery",
	"ecm_battery_chat_info_desc": "Feed ECM battery to chat",
	"ecm_battery_chat_info_feed": "Peer feed ECM battery",
	"ecm_battery_chat_info_feed_desc": "If you're host, send ECM battery info chat message to everyone in your crew. (feed ECM battery required)",
	"down_warning_chat_info": "Show down warning",
	"down_warning_chat_info_desc": "Show down warning in chat when you and your crew are downed.",
	"critical_down_warning_chat_info": "Show critical down warning",
	"critical_down_warning_chat_info_desc": "Show down warning in chat when you and your crew are downed 3 or 4 times.",
	"down_warning_chat_info_feed": "Feed down warning",
	"down_warning_chat_info_feed_desc": "If you're host, send down warning chat message to everyone in your crew. (show down warning required)",
	"critical_down_warning_chat_info_feed": "Feed critical down warning",
	"critical_down_warning_chat_info_feed_desc": "If you're host, send critical down warning chat message to everyone in your crew. (show critical down warning required)",

	"inspire_ace_chat_info": "Inspire ACE CDT",
	"inspire_ace_chat_info_desc": "Show remaining inspire ace cooldown time",

	"sydneyhud_experimental": "Experimental features",
	"sydneyhud_experimental_desc": "Experimental features is NOT stable. When you use this, please proceed at your own risk.",

	"waypoint_color_r": "Waypoint color (Red)",
	"waypoint_color_r_desc": "Custom waypoint color",
	"waypoint_color_g": "Waypoint color (Green)",
	"waypoint_color_g_desc": "Custom waypoint color",
	"waypoint_color_b": "Waypoint color (Blue)",
	"waypoint_color_b_desc": "Custom waypoint color",

	"civilian_spot": "Civilian spot",
	"civilian_spot_desc": "You can spot a civilian when in stealth",
	"civilian_spot_voice": "Civilian spot voice",
	"civilian_spot_voice_desc": "When you have spotted a civilian, say and motion as if spotting a guard",

	"clean_flashbang": "Clean flashbang",
	"clean_flashbang_desc": "When you get flashbanged, it will not flash your view anymore",

	"new_icon": "New icon type",
	"new_icon_desc": "Use new icon made for SydneyHUD",

	"right_list_scale": "HUD right list scale",
	"right_list_scale_desc": "Change list scale multiplier",
	"left_list_scale": "HUD left list scale",
	"left_list_scale_desc": "Change list scale multiplier",
	"buff_list_scale": "HUD buff list Scale",
	"buff_list_scale_desc": "Change list scale multiplier",

	"counter_font_size": "Counter font size",
	"counter_font_size_desc": "adjust the font size of the right bottom HUD panel"
}