{
	"sydneyhud_options": "SydneyHUD",
	"sydneyhud_options_desc": "Options SydneyHUD",
	"sydneyhud_reset": "Réinitialiser les options",
	"sydneyhud_reset_desc": "Définis toutes les options de SydneyHUD par défaut",
	"sydneyhud_reset_message": "Êtes-vous sûr de réinitialiser toutes les options de SydneyHUD?\nNote: Redémarrage requis!",
	"sydneyhud_reset_ok": "Oui",
	"sydneyhud_reset_cancel": "Annuler",

	"sydneyhud_language": "Language",
	"sydneyhud_language_desc": "Choisissez le language de votre choix pour SydneyHUD",
	"language_english": "English",
	"language_japanese": "日本語",
	"language_french": "Français",

	"interact_tweak": "Amélioration d'interaction",
	"interact_tweak_desc": "Améliore votre interaction",

	"buy_all_assets": "Tout acheter",
	"buy_all_assets_desc": "Achète tout les atouts que vous pouvez acheter",

	"sydneyhud_menu_tweaks": "menu/Amélioration du lobby",
	"sydneyhud_menu_tweaks_desc": "Passe les écrans, montre/cache les armes",

	"skip_black_screen": "Passe l'écran noir",
	"skip_black_screen_desc": "Passe les écrans noirs au démarrage d'un braquage",
	"skip_stat_screen": "Passe l'écran des statistiques",
	"skip_stat_screen_desc": "Passe les écrans des statistiques",
	"stat_screen_skip": "Délai pour passer l'écran des stats",
	"stat_screen_skip_desc": "Passe l'écran des statistiques après X secondes",
	"skip_card_picking": "Prend une carte automatiquement",
	"skip_card_picking_desc": "Passe les écrans de sélection des cartes en prenant aléatoirement une des cartes",
	"skip_loot_screen": "Passe l'écran de loot",
	"skip_loot_screen_desc": "Passe les écrans de loot",
	"loot_screen_skip": "Délai pour passer l'écran de loot",
	"loot_screen_skip_desc": "Passe l'écran de loot après X secondes",

	"hud_lists_options": "Liste HUD",
	"hud_lists_options_desc": "Configure les listes pour les minuteurs, perceuses, CMEs, bipeurs, sacs, otages, ennemis, buff etc.",

	"show_timers": "Montre les minuteurs",
	"show_timers_desc": "Active ou désactive les minuteurs",
	"show_equipment": "Montre l'équipement",
	"show_equipment_desc": "Déployables (munitions, sacs médical, sacs mortuaires)",
	"show_sentries": "Montre les tourelles",
	"show_sentries_desc": "Tourelles Déployables",
	"hide_empty_sentries": "Cache les tourelles vides",
	"hide_empty_sentries_desc": "Cache les tourelles sans munitions si le joueur n'a pas le talent pour les recharger",
	"show_ecms": "Montre les CMEs",
	"show_ecms_desc": "Montre les CMEs actifs",
	"show_ecm_retrigger": "Montre les secondes restantes des ECMs",
	"show_ecm_retrigger_desc": "Décompte pour le délai de fonctionement de ton propre CME",
	"show_minions": "Montre les alliés",
	"show_minions_desc": "Ennemis convertis,type et santé",
	"show_pagers": "Montre les bipeurs",
	"show_pagers_desc": "Montre les bipeurs actifs",
	"show_tape_loop": "Montre la boucle d'enregistrement",
	"show_tape_loop_desc": "Montre le décompte des boucles d'enregistrement actifs",
	"show_enemies": "Montre les ennemis",
	"show_enemies_desc": "Montre le nombre d'ennemis en jeu",
	"aggregate_enemies": "Regroupement d'ennemis",
	"aggregate_enemies_desc": "Ne sépare pas les enemis par leurs types; utilise la même entrée pour tous",
	"show_turrets": "Montre les tourelles",
	"show_turrets_desc": "Montre les tourelles du SWAT actives",
	"show_civilians": "Montre les civils",
	"show_civilians_desc": "Civils non attachés en jeu",
	"show_hostages": "Montre les otages",
	"show_hostages_desc": "Otages attachés et ennemis dominés en jeu",
	"show_minion_count": "Montre le nombre d'alliés",
	"show_minion_count_desc": "Nombre d'ennemis dominés en jeu",
	"show_pager_count": "Montre le nombre de bipeurs",
	"show_pager_count_desc": "Montre le nombre de bipeurs répondus",
	"show_loot": "Montre le loot",
	"show_loot_desc": "Montre le loot récupérable",
	"aggregate_loot": "Regroupement de loot",
	"aggregate_loot_desc": "Ne sépare pas le loot par leurs types; utilise la même entrée pour tous",
	"separate_bagged_loot": "Sacs de loot séparés",
	"separate_bagged_loot_desc": "Montre les sacs de loot comme une valeur à part",
	"show_special_pickups": "Montre les équipements spéciaux",
	"show_special_pickups_desc": "Montre le nombre equipement/items spéciaux",
	"show_gage_packages": "Montre les packets de Gage",
	"show_gage_packages_desc": "Montre le nombre de packets de Gage",
	"show_buffs": "Montre les buffs",
	"show_buffs_desc": "Montre les buffs et les debuffs",

	"enemy_color_r": "Ennemis-Rouge",
	"enemy_color_r_desc": "Couleur des ennemis",
	"enemy_color_g": "Ennemis-Vert",
	"enemy_color_g_desc": "Couleur des ennemis",
	"enemy_color_b": "Ennemis-Bleu",
	"enemy_color_b_desc": "Couleur des ennemis",
	"civilian_color_r": "Civils-Rouge",
	"civilian_color_r_desc": "Couleur des civils",
	"civilian_color_g": "Civils-Vert",
	"civilian_color_g_desc": "Couleur des civils",
	"civilian_color_b": "Civils-Bleu",
	"civilian_color_b_desc": "Couleur des civils",

	"kill_counter_options": "Compteur de Kills",
	"kill_counter_options_desc": "Configure le compteur de kills",

	"enable_kill_counter": "Active le compteur de kills",
	"enable_kill_counter_desc": "Active le compteur de kills",
	"show_special_kills": "Montre les kills spéciaux",
	"show_special_kills_desc": "Le compteur de kills montre les kills spéciaux",
	"show_headshot_kills": "Montre les kills en pleine tête",
	"show_headshot_kills_desc": "Le compteur de kills montre les kills en pleine tête",
	"show_ai_kills": "Montre les kills des bots",
	"show_ai_kills_desc": "Le compteur de kills montre les kills des bots",

	"gadget_options": "Options des gadgets",
	"gadget_options_desc": "Options des gadgets",

	"enable_flashlight_extender": "Active l'agrandisseur de rayon de la lampe",
	"enable_flashlight_extender_desc": "Active l'agrandisseur de rayon de la lampe",
	"flashlight_range": "Portée de la lampe",
	"flashlight_range_desc": "Portée du rayon, 0+ (default 1000 -> 10m)",
	"flashlight_angle": "Angle de la lampe",
	"flashlight_angle_desc": "Angle/largeur du rayon, 0-160 (default 60)",

	"enable_laser_options": "Customisation du laser (votre)",
	"enable_laser_options_desc": "Change le couleur des lasers du joueur",
	"laser_color_r": "Rouge",
	"laser_color_r_desc": "Couleur du laser",
	"laser_color_g": "Vert",
	"laser_color_g_desc": "Couleur du laser",
	"laser_color_b": "Bleu",
	"laser_color_b_desc": "Couleur du laser",
	"laser_color_rainbow": "Multicolore",
	"laser_color_rainbow_desc": "Remplace toutes les couleurs modifiées ci-dessous",
	"laser_color_a": "Rayon Alpha",
	"laser_color_a_desc": "Rayon Alpha",
	"laser_glow": "Lueur du point",
	"laser_glow_desc": "Lueur du point",
	"laser_light": "Luminosité du point",
	"laser_light_desc": "Luminosité du point",

	"enable_laser_options_others": "Customisation du laser (les autres)",
	"enable_laser_options_others_desc": "Change la couleur du laser des autres joueurs",
	"laser_color_r_others": "Rouge",
	"laser_color_r_others_desc": "Couleur du laser",
	"laser_color_g_others": "Vert",
	"laser_color_g_others_desc": "Couleur du laser",
	"laser_color_b_others": "Bleu",
	"laser_color_b_others_desc": "Couleur du laser",
	"laser_color_rainbow_others": "Multicolore",
	"laser_color_rainbow_others_desc": "Remplace toutes les couleurs modifiées ci-dessous",
	"laser_color_a_others": "Rayon Alpha",
	"laser_color_a_others_desc": "Rayon Alpha",
	"laser_glow_others": "Lueur du point",
	"laser_glow_others_desc": "Lueur du point",
	"laser_light_others": "Luminosité du point",
	"laser_light_others_desc": "Luminosité du point",

	"enable_laser_options_snipers": "Customisation du laser des snipers",
	"enable_laser_options_snipers_desc": "Change la couleur des snipers",
	"laser_color_r_snipers": "Rouge",
	"laser_color_r_snipers_desc": "Couleur du laser",
	"laser_color_g_snipers": "Vert",
	"laser_color_g_snipers_desc": "Couleur du laser",
	"laser_color_b_snipers": "Bleu",
	"laser_color_b_snipers_desc": "Couleur du laser",
	"laser_color_rainbow_snipers": "Multicolore",
	"laser_color_rainbow_snipers_desc": "Remplace toutes les couleurs modifiées ci-dessous",
	"laser_color_a_snipers": "Rayon Alpha",
	"laser_color_a_snipers_desc": "Rayon Alpha",
	"laser_glow_snipers": "Lueur du point",
	"laser_glow_snipers_desc": "Lueur du point",
	"laser_light_snipers": "Luminosité du point",
	"laser_light_snipers_desc": "Luminosité du point",

	"enable_laser_options_turret": "Customisation du laser des tourelles (Normal)",
	"enable_laser_options_turret_desc": "Change la couleur des laser des tourelles",
	"laser_color_r_turret": "Rouge",
	"laser_color_r_turret_desc": "Couleur du laser",
	"laser_color_g_turret": "Vert",
	"laser_color_g_turret_desc": "Couleur du laser",
	"laser_color_b_turret": "Bleu",
	"laser_color_b_turret_desc": "Couleur du laser",
	"laser_color_rainbow_turret": "Multicolore",
	"laser_color_rainbow_turret_desc": "Remplace toutes les couleurs modifiées ci-dessous",
	"laser_color_a_turret": "Rayon Alpha",
	"laser_color_a_turret_desc": "Rayon Alpha",
	"laser_glow_turret": "Lueur du point",
	"laser_glow_turret_desc": "Lueur du point",
	"laser_light_turret": "Luminosité du point",
	"laser_light_turret_desc": "Luminosité du point",

	"enable_laser_options_turretr": "Customisation du laser des tourelles (Rechargement)",
	"enable_laser_options_turretr_desc": "Change la couleur des laser des tourelles",
	"laser_color_r_turretr": "Rouge",
	"laser_color_r_turretr_desc": "Couleur du laser",
	"laser_color_g_turretr": "Vert",
	"laser_color_g_turretr_desc": "Couleur du laser",
	"laser_color_b_turretr": "Bleu",
	"laser_color_b_turretr_desc": "Couleur du laser",
	"laser_color_rainbow_turretr": "Multicolore",
	"laser_color_rainbow_turretr_desc": "Remplace toutes les couleurs modifiées ci-dessous",
	"laser_color_a_turretr": "Rayon Alpha",
	"laser_color_a_turretr_desc": "Rayon Alpha",
	"laser_glow_turretr": "Lueur du point",
	"laser_glow_turretr_desc": "Lueur du point",
	"laser_light_turretr": "Luminosité du point",
	"laser_light_turretr_desc": "Luminosité du point",

	"enable_laser_options_turretm": "Customisation du laser des tourelles (Énervée)",
	"enable_laser_options_turretm_desc": "Change la couleur des laser des tourelles",
	"laser_color_r_turretm": "Rouge",
	"laser_color_r_turretm_desc": "Couleur du laser",
	"laser_color_g_turretm": "Vert",
	"laser_color_g_turretm_desc": "Couleur du laser",
	"laser_color_b_turretm": "Bleu",
	"laser_color_b_turretm_desc": "Couleur du laser",
	"laser_color_rainbow_turretm": "Multicolore",
	"laser_color_rainbow_turretm_desc": "Remplace toutes les couleurs modifiées ci-dessous",
	"laser_color_a_turretm": "Rayon Alpha",
	"laser_color_a_turretm_desc": "Rayon Alpha",
	"laser_glow_turretm": "Lueur du point",
	"laser_glow_turretm_desc": "Lueur du point",
	"laser_light_turretm": "Luminosité du point",
	"laser_light_turretm_desc": "Luminosité du point",

	"interaction_color_r": "interaction text red",
	"interaction_color_r_desc": "interaction text color",
	"interaction_color_g": "interaction text green",
	"interaction_color_g_desc": "interaction text color",
	"interaction_color_b": "interaction text blue",
	"interaction_color_b_desc": "interaction text color",

	"push_to_interact": "Appuyer pour interagir",
	"push_to_interact_desc": "Plus besoin de maintenir la touche d'interraction [F]",

	"equipment_interrupt": "Interruption de l'interaction",
	"equipment_interrupt_desc": "Interromps l'interraction en appuyant sur la touche d'inventaire [G], au lieu de la touche d'interaction[F]",

	"sydneyhud_gameplay_tweaks": "Amélioration du Gameplay",
	"sydneyhud_gameplay_tweaks_desc": "Amélioration du Gameplay",

	"remove_answered_pager_contour": "Enlève le contour des bipeurs répondus",
	"remove_answered_pager_contour_desc": "Enlève le contour d'interraction des bipeurs répondus",

	"anti_stealth_grenades": "Protection furtive Anti-grenades",
	"anti_stealth_grenades_desc": "Empêche de pouvoir lancer des grenades en mode furtif (clique encore pour forcer)",

	"sydneyhud_hud_tweaks": "Amélioration de l'HUD",
	"sydneyhud_hud_tweaks_desc": "Amélioration de L'HUD",

	"enable_pacified": "Marqueurs de Civils pacifiés",
	"enable_pacified_desc": "Active un marqueur vert pour les civils pacifiés",

	"show_melee_interaction": "Montre la charge de mélée comme une interaction",
	"show_melee_interaction_desc": "Montre des indicateurs d'interraction quand vous chargez une attaque de mélée",
	"show_reload_interaction": "Montre le rechargement comme une interraction",
	"show_reload_interaction_desc": "Montre des indicateurs d'interaction quand vous rechargez",
	"show_interaction_circle": "Montre le cercle d'interraction",
	"show_interaction_circle_desc": "Montre le cercle d'interraction de base",
	"show_interaction_text": "Compteur d'interraction numérique",
	"show_interaction_text_desc": "Montre un compteur d'interaction numérique",
	"show_suspicion_text": "Suspicion Numérique",
	"show_suspicion_text_desc": "Montre un text de suspicion numérique",
	"show_text_borders": "Bordure de texte noire",
	"show_text_borders_desc": "Montre une bordure de texte noire autour des compteurs d'interraction/suspicion",

	"truncate_name_tags": "Couper les tags de clans",
	"truncate_name_tags_desc": "Coupe les tags de clans et les replace par un petit point",
	"show_client_ranks": "Montre les rangs des joueurs",
	"show_client_ranks_desc": "Montre les rangs des coéquipiers devant leurs noms",
	"show_own_rank": "Montre votre propre rang",
	"show_own_rank_desc": "Montre votre propre rang devant votre propre nom",
	"colorize_names": "Colorier les noms",
	"colorize_names_desc": "Colorie les noms des joueurs",

	"show_stamina_meter": "Montre le compteur de Stamina",
	"show_stamina_meter_desc": "Montre le compteur de stamina",
	"show_armor_timer": "Montre le compteur d'armure",
	"show_armor_timer_desc": "Montre le temps avant que l'armure se regénère",
	"show_inspire_timer": "Montre le compteur d'inspiration",
	"show_inspire_timer_desc": "Montre le temps avant d'être inspiré",

	"hps_meter": "Compteur SPS",
	"hps_meter_desc": "Options du compteur de soins par seconde",
	"enable_hps_meter": "Active le compteur SPS",
	"enable_hps_meter_desc": "Active le compteur de soins par seconde",
	"hps_refresh_rate": "Taux de rafraîchissement",
	"hps_refresh_rate_desc": "Le temps à attendre entre chaque rafraîchissement (en secondes)",
	"show_hps_current": "Montre le SPS actuel",
	"show_hps_current_desc": "Montre votre soins par seconde actuel",
	"current_hps_timeout": "Montre le temps mort avant le rafraîchissement du SPS",
	"current_hps_timeout_desc": "Le temps entre les soins d'être ajouté au coompteur (secondes)",
	"show_hps_total": "Montre le SPS total",
	"show_hps_total_desc": "Montre le total de soins par secondes récupéré dans le braquage",

	"center_assault_banner": "Bannière d'assault central",
	"center_assault_banner_desc": "Bannière d'assault central",
	"enable_enhanced_assault_banner": "Bannière d'assault améliorée",
	"enable_enhanced_assault_banner_desc": "Montre des informations détaillées a propos de la progression de l'assault",
	"enhanced_assault_spawns": "Montre le nombre d'ennemis restants",
	"enhanced_assault_spawns_desc": "Montre le nombre d'ennemis restants (dépend de la bannière d'assault améliorée)",
	"enhanced_assault_time": "Montre le temps restant",
	"enhanced_assault_time_desc": "Montre le temps (dépend de la bannière d'assault améliorée",
	"enhanced_assault_count": "Montre le compteur de vagues",
	"enhanced_assault_count_desc": "Montre le compteur de vagues (dépend de la bannière d'assault améliorée)",

	"enable_buy_all_assets": "Active 'Acheter tout les atouts'",
	"enable_buy_all_assets_desc": "Transforme l'atout 'Packets de Gage' en 'Buy All', dans le menu de briefing",

	"lobby_skins_mode": "Skins d'armes du lobby",
	"lobby_skins_mode_desc": "Force d'activer ou de désactiver les skins d'armes dans les lobbies (visible uniquement pour vous)",

	"lobby_skins_vanilla": "Normal",
	"lobby_skins_none": "Pas de Skins",
	"lobby_skins_primary": "Toujours l'arme principale",
	"lobby_skins_secondary": "Toujours l'arme secondaire",

	"anti_bobble": "Anti Bobble",
	"anti_bobble_desc": "Désactive les effets de rebondissement de la caméra",

	"hold_to_pick": "Maintiens pour prendre",
	"hold_to_pick_desc": "Vous pouvez prendre le cash rien quand maintenant [F]",
	"hold_to_pick_delay": "Délai pour 'Maintiens pour prendre'",
	"hold_to_pick_delay_desc": "Délai de temps avant l'activation de 'Maintiens pour prendre'. Mettez le à 0 pour prendre l'argent le plus rapidement possible.",

	"improved_ammo_count": "Compteur de munitions amélioré",
	"improved_ammo_count_desc": "Montre le total de munitions sans prendre en compte le nombre de balles dans le chargeur",

	"show_enemy_health": "Barre de santé ennemie",
	"show_enemy_health_desc": "Montre le barre de santé ennemie",

	"sydneyhud_chat_info": "Informations du chat",
	"sydneyhud_chat_info_desc": "Donne des informations via le chat",

	"show_heist_time": "Show heist time",
	"show_heist_time_desc": "Show heist time as prefix on all messages",
	"assault_phase_chat_info": "Feed de phases d'assault",
	"assault_phase_chat_info_desc": "Feed de phases d'assault du chat",
	"assault_phase_chat_info_feed": "Paires de la feed de phase d'assault",
	"assault_phase_chat_info_feed_desc": "Si vous êtes l'hôte, Cela envoie les infos de la Feed de phases d'assault à tout votre équipe. (Feed de phases d'assault Requis)",
	"ecm_battery_chat_info": "Feed de la batterie du CME",
	"ecm_battery_chat_info_desc": "Feed de la batterie du CME du chat",
	"ecm_battery_chat_info_feed": "Peer Feed ECM Battery",
	"ecm_battery_chat_info_feed_desc": "Si vous êtes l'hôte, Cela envoie les infos de la Feed de la batterie du CME à tout votre équipe. (Feed de la batterie du CME Requis)"

	"inspire_ace_chat_info": "Inspire ACE temps de recharge",
	"inspire_ace_chat_info_desc": "Montre le inspire ACE temps de recharge",

	"sydneyhud_experimental": "Options expérimentales",
	"sydneyhud_experimental_desc": "Ces options ne sont PAS stables. Utilisez-les à vos risques.",

	"waypoint_color_r": "Couleur du point de repère (Rouge)",
	"waypoint_color_r_desc": "Couleur du point de repère personalisé",
	"waypoint_color_g": "ouleur du point de repère (Vert)",
	"waypoint_color_g_desc": "Couleur du point de repère personalisé",
	"waypoint_color_b": "ouleur du point de repère (Bleu)",
	"waypoint_color_b_desc": "Couleur du point de repère personalisé",

	"civilian_spot": "Repérer les civils",
	"civilian_spot_desc": "Permet de marquer les civils en stealth",
	"civilian_spot_voice": "Indicateur sonore",
	"civilian_spot_voice_desc": "Quand vous repérez un civil, Parle et montre comme si vous étiez en train de repérer un guarde.",

	"clean_flashbang": "Anti-Flashbang",
	"clean_flashbang_desc": "Quand vous recevez un flashbang, Vous ne vous feriez plus flasher comme auparavant.",

	"new_icon": "Nouvelles icônes",
	"new_icon_desc": "Utilise les nouvelles icônes crées pour SydneyHUD",

	"right_list_scale": "Taille de l'HUD droit",
	"right_list_scale_desc": "Modify la taille de l'HUD de droite.",
	"left_list_scale": "Taille de l'HUD gauche",
	"left_list_scale_desc": "Modify la taille de l'HUD de gauche",
	"buff_list_scale": "Taille de l'HUD des buff",
	"buff_list_scale_desc": "Modify la taille de l'HUD des buff",

	"counter_font_size": "Taille de la police d'écriture du compteur",
	"counter_font_size_desc": "Ajuste la taille de la police d'écriture de l'HUD en haut à droite."
}