{
	"skip_black_screen": true,
	"skip_stat_screen": true,
	"stat_screen_skip": 0,
	"skip_card_picking": true,
	"skip_loot_screen": true,
	"loot_screen_skip": 2,
	"show_civilians": true,
	"flashlight_range": 1000,
	"enable_pacified": true,
	"show_ecms": true,
	"show_loot": true,
	"show_minions": true,
	"remove_answered_pager_contour": true,
	"aggregate_enemies": true,
	"show_special_kills": true,
	"flashlight_angle": 60,
	"show_pager_count": true,
	"enable_flashlight_extender": true,
	"enable_kill_counter": true,
	"separate_bagged_loot": true,
	"show_pagers": true,
	"aggregate_loot": false,
	"show_equipment": false,
	"show_timers": true,
	"show_enemies": true,
	"show_ai_kills": true,
	"show_buffs": true,
	"show_hostages": true,
	"show_special_pickups": true,
	"show_gage_packages": true,
	"show_headshot_kills": true,
	"show_sentries": true,
	"hide_empty_sentries": true,
	"show_ecm_retrigger": true,
	"show_tape_loop": true,
	"show_turrets": true,
	"show_minion_count": true,
	"push_to_interact": false,
	"equipment_interrupt": true,
	"lobby_skins_mode": 4,
	"show_suspicion_text": true,
	"show_melee_interaction": true,
	"show_reload_interaction": true,
	"show_interaction_circle": true,
	"show_interaction_text": true,
	"show_text_borders": true,
	"truncate_name_tags": true,
	"show_client_ranks": true,
	"show_own_rank": true,
	"colorize_names": true,
	"show_stamina_meter": true,
	"show_armor_timer": true,
	"show_inspire_timer": true,
	"anti_stealth_grenades": false,
	"enable_laser_options": true,
	"laser_color_r": 0,
	"laser_color_g": 0,
	"laser_color_b": 1,
	"laser_color_rainbow": false,
	"laser_color_a": 0.5,
	"laser_glow": 0.2,
	"laser_light": 10,
	"enable_laser_options_others": true,
	"laser_color_r_others": 0,
	"laser_color_g_others": 1,
	"laser_color_b_others": 0,
	"laser_color_rainbow_others": false,
	"laser_color_a_others": 0.15,
	"laser_glow_others": 0.2,
	"laser_light_others": 10,
	"enable_laser_options_snipers": false,
	"laser_color_r_snipers": 1,
	"laser_color_g_snipers": 0,
	"laser_color_b_snipers": 0,
	"laser_color_rainbow_snipers": false,
	"laser_color_a_snipers": 0.15,
	"laser_glow_snipers": 0.2,
	"laser_light_snipers": 10,
	"enable_laser_options_turret": false,
	"laser_color_r_turret": 1,
	"laser_color_g_turret": 0,
	"laser_color_b_turret": 0,
	"laser_color_rainbow_turret": false,
	"laser_color_a_turret": 0.15,
	"laser_glow_turret": 0.2,
	"laser_light_turret": 10,
	"enable_laser_options_turretr": false,
	"laser_color_r_turretr": 1,
	"laser_color_g_turretr": 1,
	"laser_color_b_turretr": 0,
	"laser_color_rainbow_turretr": false,
	"laser_color_a_turretr": 0.11,
	"laser_glow_turretr": 0.2,
	"laser_light_turretr": 10,
	"enable_laser_options_turretm": false,
	"laser_color_r_turretm": 0,
	"laser_color_g_turretm": 1,
	"laser_color_b_turretm": 0,
	"laser_color_rainbow_turretm": false,
	"laser_color_a_turretm": 0.15,
	"laser_glow_turretm": 0.2,
	"laser_light_turretm": 10,
	"center_assault_banner": true,
	"enable_hps_meter": true,
	"hps_refresh_rate": 1,
	"show_hps_current": true,
	"current_hps_timeout": 5,
	"show_hps_total": true,
	"enable_buy_all_assets": true,
	"enable_enhanced_assault_banner": true,
	"enhanced_assault_spawns": true,
	"enhanced_assault_time": true,
	"enhanced_assault_count": true,
	"enemy_color_r": 1,
	"enemy_color_g": 1,
	"enemy_color_b": 1,
	"civilian_color_r": 1,
	"civilian_color_g": 1,
	"civilian_color_b": 1,
	"show_poco_recommendations": true,
	"interaction_color_r": 1,
	"interaction_color_g": 0.66,
	"interaction_color_b": 0,
	"anti_bobble": true,
	"hold_to_pick": true,
	"hold_to_pick_delay": 0.1,
	"improved_ammo_count": true
}
