{
	"menu_id": "gadget_options",
	"parent_menu_id": "sydneyhud_options",
	"title": "gadget_options",
	"description": "gadget_options_desc",
	"items": [
		{
		    "type": "toggle",
			"id": "enable_flashlight_extender",
			"title": "enable_flashlight_extender",
			"description": "enable_flashlight_extender_desc",
			"callback": "callback_enable_flashlight_extender",
			"value": "enable_flashlight_extender",
			"default_value": true
		},
		{
			"type": "divider",
			"size": 16
		},
		{
			"type": "slider",
			"id": "flashlight_range",
			"title": "flashlight_range",
			"description": "flashlight_range_desc",
			"callback": "callback_flashlight_range",
			"value": "flashlight_range",
			"max": 20000,
			"min": 0,
			"step": 1000,
			"default_value": 1000
		},
		{
			"type": "slider",
			"id": "flashlight_angle",
			"title": "flashlight_angle",
			"description": "flashlight_angle_desc",
			"callback": "callback_flashlight_angle",
			"value": "flashlight_angle",
			"max": 160,
			"min": 0,
			"step": 1,
			"default_value": 60
		},
		{
			"type": "divider",
			"size": 32
		},
		{
			"type": "toggle",
			"id": "enable_laser_options",
			"title": "enable_laser_options",
			"description": "enable_laser_options_desc",
			"callback": "callback_enable_laser_options",
			"value": "enable_laser_options",
			"default_value": true
		},
		{
			"type": "divider",
			"size": 16
		},
		{
			"type": "slider",
			"id": "laser_color_r",
			"title": "laser_color_r",
			"description": "laser_color_r_desc",
			"callback": "callback_laser_color_r",
			"value": "laser_color_r",
			"max": 1,
			"min": 0,
			"step": 0.01,
			"default_value": 0
		},
		{
			"type": "slider",
			"id": "laser_color_g",
			"title": "laser_color_g",
			"description": "laser_color_g_desc",
			"callback": "callback_laser_color_g",
			"value": "laser_color_g",
			"max": 1,
			"min": 0,
			"step": 0.01,
			"default_value": 1
		},
		{
			"type": "slider",
			"id": "laser_color_b",
			"title": "laser_color_b",
			"description": "laser_color_b_desc",
			"callback": "callback_laser_color_b",
			"value": "laser_color_b",
			"max": 1,
			"min": 0,
			"step": 0.01,
			"default_value": 0
		},
		{
			"type": "toggle",
			"id": "laser_color_rainbow",
			"title": "laser_color_rainbow",
			"description": "laser_color_rainbow_desc",
			"callback": "callback_laser_color_rainbow",
			"value": "laser_color_rainbow",
			"default_value": true
		},
		{
			"type": "slider",
			"id": "laser_color_a",
			"title": "laser_color_a",
			"description": "laser_color_a_desc",
			"callback": "callback_laser_color_a",
			"value": "laser_color_a",
			"max": 1,
			"min": 0,
			"step": 0.01,
			"default_value": 0.5
		},
		{
			"type": "slider",
			"id": "laser_glow",
			"title": "laser_glow",
			"description": "laser_glow_desc",
			"callback": "callback_laser_glow",
			"value": "laser_glow",
			"max": 1,
			"min": 0,
			"step": 0.01,
			"default_value": 1
		},
		{
			"type": "slider",
			"id": "laser_light",
			"title": "laser_light",
			"description": "laser_light_desc",
			"callback": "callback_laser_light",
			"value": "laser_light",
			"max": 10,
			"min": 0,
			"step": 0.01,
			"default_value": 10
		},
		{
			"type": "divider",
			"size": 32
		},
		{
			"type": "toggle",
			"id": "enable_laser_options_others",
			"title": "enable_laser_options_others",
			"description": "enable_laser_options_others_desc",
			"callback": "callback_enable_laser_options_others",
			"value": "enable_laser_options_others",
			"default_value": true
		},
		{
			"type": "divider",
			"size": 16
		},
		{
			"type": "slider",
			"id": "laser_color_r_others",
			"title": "laser_color_r_others",
			"description": "laser_color_r_others_desc",
			"callback": "callback_laser_color_r_others",
			"value": "laser_color_r_others",
			"max": 1,
			"min": 0,
			"step": 0.01,
			"default_value": 0
		},
		{
			"type": "slider",
			"id": "laser_color_g_others",
			"title": "laser_color_g_others",
			"description": "laser_color_g_others_desc",
			"callback": "callback_laser_color_g_others",
			"value": "laser_color_g_others",
			"max": 1,
			"min": 0,
			"step": 0.01,
			"default_value": 1
		},
		{
			"type": "slider",
			"id": "laser_color_b_others",
			"title": "laser_color_b_others",
			"description": "laser_color_b_others_desc",
			"callback": "callback_laser_color_b_others",
			"value": "laser_color_b_others",
			"max": 1,
			"min": 0,
			"step": 0.01,
			"default_value": 0
		},
		{
			"type": "toggle",
			"id": "laser_color_rainbow_others",
			"title": "laser_color_rainbow_others",
			"description": "laser_color_rainbow_others_desc",
			"callback": "callback_laser_color_rainbow_others",
			"value": "laser_color_rainbow_others",
			"default_value": true
		},
		{
			"type": "slider",
			"id": "laser_color_a_others",
			"title": "laser_color_a_others",
			"description": "laser_color_a_others_desc",
			"callback": "callback_laser_color_a_others",
			"value": "laser_color_a_others",
			"max": 1,
			"min": 0,
			"step": 0.01,
			"default_value": 0.5
		},
		{
			"type": "slider",
			"id": "laser_glow_others",
			"title": "laser_glow_others",
			"description": "laser_glow_others_desc",
			"callback": "callback_laser_glow_others",
			"value": "laser_glow_others",
			"max": 1,
			"min": 0,
			"step": 0.01,
			"default_value": 1
		},
		{
			"type": "slider",
			"id": "laser_light_others",
			"title": "laser_light_others",
			"description": "laser_light_others_desc",
			"callback": "callback_laser_light_others",
			"value": "laser_light_others",
			"max": 10,
			"min": 0,
			"step": 0.01,
			"default_value": 10
		},
		{
			"type": "divider",
			"size": 32
		},
		{
			"type": "toggle",
			"id": "enable_laser_options_snipers",
			"title": "enable_laser_options_snipers",
			"description": "enable_laser_options_snipers_desc",
			"callback": "callback_enable_laser_options_snipers",
			"value": "enable_laser_options_snipers",
			"default_value": true
		},
		{
			"type": "divider",
			"size": 16
		},
		{
			"type": "slider",
			"id": "laser_color_r_snipers",
			"title": "laser_color_r_snipers",
			"description": "laser_color_r_snipers_desc",
			"callback": "callback_laser_color_r_snipers",
			"value": "laser_color_r_snipers",
			"max": 1,
			"min": 0,
			"step": 0.01,
			"default_value": 0
		},
		{
			"type": "slider",
			"id": "laser_color_g_snipers",
			"title": "laser_color_g_snipers",
			"description": "laser_color_g_snipers_desc",
			"callback": "callback_laser_color_g_snipers",
			"value": "laser_color_g_snipers",
			"max": 1,
			"min": 0,
			"step": 0.01,
			"default_value": 1
		},
		{
			"type": "slider",
			"id": "laser_color_b_snipers",
			"title": "laser_color_b_snipers",
			"description": "laser_color_b_snipers_desc",
			"callback": "callback_laser_color_b_snipers",
			"value": "laser_color_b_snipers",
			"max": 1,
			"min": 0,
			"step": 0.01,
			"default_value": 0
		},
		{
			"type": "toggle",
			"id": "laser_color_rainbow_snipers",
			"title": "laser_color_rainbow_snipers",
			"description": "laser_color_rainbow_snipers_desc",
			"callback": "callback_laser_color_rainbow_snipers",
			"value": "laser_color_rainbow_snipers",
			"default_value": true
		},
		{
			"type": "slider",
			"id": "laser_color_a_snipers",
			"title": "laser_color_a_snipers",
			"description": "laser_color_a_snipers_desc",
			"callback": "callback_laser_color_a_snipers",
			"value": "laser_color_a_snipers",
			"max": 1,
			"min": 0,
			"step": 0.01,
			"default_value": 0.5
		},
		{
			"type": "slider",
			"id": "laser_glow_snipers",
			"title": "laser_glow_snipers",
			"description": "laser_glow_snipers_desc",
			"callback": "callback_laser_glow_snipers",
			"value": "laser_glow_snipers",
			"max": 1,
			"min": 0,
			"step": 0.01,
			"default_value": 1
		},
		{
			"type": "slider",
			"id": "laser_light_snipers",
			"title": "laser_light_snipers",
			"description": "laser_light_snipers_desc",
			"callback": "callback_laser_light_snipers",
			"value": "laser_light_snipers",
			"max": 10,
			"min": 0,
			"step": 0.01,
			"default_value": 10
		},
		{
			"type": "divider",
			"size": 32
		},
		{
			"type": "toggle",
			"id": "enable_laser_options_turret",
			"title": "enable_laser_options_turret",
			"description": "enable_laser_options_turret_desc",
			"callback": "callback_enable_laser_options_turret",
			"value": "enable_laser_options_turret",
			"default_value": true
		},
		{
			"type": "divider",
			"size": 16
		},
		{
			"type": "slider",
			"id": "laser_color_r_turret",
			"title": "laser_color_r_turret",
			"description": "laser_color_r_turret_desc",
			"callback": "callback_laser_color_r_turret",
			"value": "laser_color_r_turret",
			"max": 1,
			"min": 0,
			"step": 0.01,
			"default_value": 0
		},
		{
			"type": "slider",
			"id": "laser_color_g_turret",
			"title": "laser_color_g_turret",
			"description": "laser_color_g_turret_desc",
			"callback": "callback_laser_color_g_turret",
			"value": "laser_color_g_turret",
			"max": 1,
			"min": 0,
			"step": 0.01,
			"default_value": 1
		},
		{
			"type": "slider",
			"id": "laser_color_b_turret",
			"title": "laser_color_b_turret",
			"description": "laser_color_b_turret_desc",
			"callback": "callback_laser_color_b_turret",
			"value": "laser_color_b_turret",
			"max": 1,
			"min": 0,
			"step": 0.01,
			"default_value": 0
		},
		{
			"type": "toggle",
			"id": "laser_color_rainbow_turret",
			"title": "laser_color_rainbow_turret",
			"description": "laser_color_rainbow_turret_desc",
			"callback": "callback_laser_color_rainbow_turret",
			"value": "laser_color_rainbow_turret",
			"default_value": true
		},
		{
			"type": "slider",
			"id": "laser_color_a_turret",
			"title": "laser_color_a_turret",
			"description": "laser_color_a_turret_desc",
			"callback": "callback_laser_color_a_turret",
			"value": "laser_color_a_turret",
			"max": 1,
			"min": 0,
			"step": 0.01,
			"default_value": 0.5
		},
		{
			"type": "slider",
			"id": "laser_glow_turret",
			"title": "laser_glow_turret",
			"description": "laser_glow_turret_desc",
			"callback": "callback_laser_glow_turret",
			"value": "laser_glow_turret",
			"max": 1,
			"min": 0,
			"step": 0.01,
			"default_value": 1
		},
		{
			"type": "slider",
			"id": "laser_light_turret",
			"title": "laser_light_turret",
			"description": "laser_light_turret_desc",
			"callback": "callback_laser_light_turret",
			"value": "laser_light_turret",
			"max": 10,
			"min": 0,
			"step": 0.01,
			"default_value": 10
		},
		{
			"type": "divider",
			"size": 32
		},
		{
			"type": "toggle",
			"id": "enable_laser_options_turretr",
			"title": "enable_laser_options_turretr",
			"description": "enable_laser_options_turretr_desc",
			"callback": "callback_enable_laser_options_turretr",
			"value": "enable_laser_options_turretr",
			"default_value": true
		},
		{
			"type": "divider",
			"size": 16
		},
		{
			"type": "slider",
			"id": "laser_color_r_turretr",
			"title": "laser_color_r_turretr",
			"description": "laser_color_r_turretr_desc",
			"callback": "callback_laser_color_r_turretr",
			"value": "laser_color_r_turretr",
			"max": 1,
			"min": 0,
			"step": 0.01,
			"default_value": 0
		},
		{
			"type": "slider",
			"id": "laser_color_g_turretr",
			"title": "laser_color_g_turretr",
			"description": "laser_color_g_turretr_desc",
			"callback": "callback_laser_color_g_turretr",
			"value": "laser_color_g_turretr",
			"max": 1,
			"min": 0,
			"step": 0.01,
			"default_value": 1
		},
		{
			"type": "slider",
			"id": "laser_color_b_turretr",
			"title": "laser_color_b_turretr",
			"description": "laser_color_b_turretr_desc",
			"callback": "callback_laser_color_b_turretr",
			"value": "laser_color_b_turretr",
			"max": 1,
			"min": 0,
			"step": 0.01,
			"default_value": 0
		},
		{
			"type": "toggle",
			"id": "laser_color_rainbow_turretr",
			"title": "laser_color_rainbow_turretr",
			"description": "laser_color_rainbow_turretr_desc",
			"callback": "callback_laser_color_rainbow_turretr",
			"value": "laser_color_rainbow_turretr",
			"default_value": true
		},
		{
			"type": "slider",
			"id": "laser_color_a_turretr",
			"title": "laser_color_a_turretr",
			"description": "laser_color_a_turretr_desc",
			"callback": "callback_laser_color_a_turretr",
			"value": "laser_color_a_turretr",
			"max": 1,
			"min": 0,
			"step": 0.01,
			"default_value": 0.5
		},
		{
			"type": "slider",
			"id": "laser_glow_turretr",
			"title": "laser_glow_turretr",
			"description": "laser_glow_turretr_desc",
			"callback": "callback_laser_glow_turretr",
			"value": "laser_glow_turretr",
			"max": 1,
			"min": 0,
			"step": 0.01,
			"default_value": 1
		},
		{
			"type": "slider",
			"id": "laser_light_turretr",
			"title": "laser_light_turretr",
			"description": "laser_light_turretr_desc",
			"callback": "callback_laser_light_turretr",
			"value": "laser_light_turretr",
			"max": 10,
			"min": 0,
			"step": 0.01,
			"default_value": 10
		},
		{
			"type": "divider",
			"size": 32
		},
		{
			"type": "toggle",
			"id": "enable_laser_options_turretm",
			"title": "enable_laser_options_turretm",
			"description": "enable_laser_options_turretm_desc",
			"callback": "callback_enable_laser_options_turretm",
			"value": "enable_laser_options_turretm",
			"default_value": true
		},
		{
			"type": "divider",
			"size": 16
		},
		{
			"type": "slider",
			"id": "laser_color_r_turretm",
			"title": "laser_color_r_turretm",
			"description": "laser_color_r_turretm_desc",
			"callback": "callback_laser_color_r_turretm",
			"value": "laser_color_r_turretm",
			"max": 1,
			"min": 0,
			"step": 0.01,
			"default_value": 0
		},
		{
			"type": "slider",
			"id": "laser_color_g_turretm",
			"title": "laser_color_g_turretm",
			"description": "laser_color_g_turretm_desc",
			"callback": "callback_laser_color_g_turretm",
			"value": "laser_color_g_turretm",
			"max": 1,
			"min": 0,
			"step": 0.01,
			"default_value": 1
		},
		{
			"type": "slider",
			"id": "laser_color_b_turretm",
			"title": "laser_color_b_turretm",
			"description": "laser_color_b_turretm_desc",
			"callback": "callback_laser_color_b_turretm",
			"value": "laser_color_b_turretm",
			"max": 1,
			"min": 0,
			"step": 0.01,
			"default_value": 0
		},
		{
			"type": "toggle",
			"id": "laser_color_rainbow_turretm",
			"title": "laser_color_rainbow_turretm",
			"description": "laser_color_rainbow_turretm_desc",
			"callback": "callback_laser_color_rainbow_turretm",
			"value": "laser_color_rainbow_turretm",
			"default_value": true
		},
		{
			"type": "slider",
			"id": "laser_color_a_turretm",
			"title": "laser_color_a_turretm",
			"description": "laser_color_a_turretm_desc",
			"callback": "callback_laser_color_a_turretm",
			"value": "laser_color_a_turretm",
			"max": 1,
			"min": 0,
			"step": 0.01,
			"default_value": 0.5
		},
		{
			"type": "slider",
			"id": "laser_glow_turretm",
			"title": "laser_glow_turretm",
			"description": "laser_glow_turretm_desc",
			"callback": "callback_laser_glow_turretm",
			"value": "laser_glow_turretm",
			"max": 1,
			"min": 0,
			"step": 0.01,
			"default_value": 1
		},
		{
			"type": "slider",
			"id": "laser_light_turretm",
			"title": "laser_light_turretm",
			"description": "laser_light_turretm_desc",
			"callback": "callback_laser_light_turretm",
			"value": "laser_light_turretm",
			"max": 10,
			"min": 0,
			"step": 0.01,
			"default_value": 10
		}
	]
}