{
	"menu_id": "menu_interact_tweak",
	"parent_menu_id": "sydneyhud_options",
	"title": "interact_tweak",
	"description": "interact_tweak_desc",
	"items": [
		{
			"type": "toggle",
			"id": "push_to_interact",
			"title": "push_to_interact",
			"description": "push_to_interact_desc",
			"callback": "callback_push_to_interact",
			"value": "push_to_interact",
			"default_value": true
		},
		{
			"type": "divider",
			"size": 16
		},
		{
			"type": "toggle",
			"id": "equipment_interrupt",
			"title": "equipment_interrupt",
			"description": "equipment_interrupt_desc",
			"callback": "callback_equipment_interrupt",
			"value": "equipment_interrupt",
			"default_value": true
		},
		{
			"type": "divider",
			"size": 16
		},
		{
			"type": "toggle",
			"id": "hold_to_pick",
			"title": "hold_to_pick",
			"description": "hold_to_pick_desc",
			"callback": "callback_hold_to_pick",
			"value": "hold_to_pick",
			"default_value": true
		},
		{
			"type": "slider",
			"id": "hold_to_pick_delay",
			"title": "hold_to_pick_delay",
			"description": "hold_to_pick_delay_desc",
			"callback": "callback_hold_to_pick_delay",
			"value": "hold_to_pick_delay",
			"max": 1,
			"min": 0,
			"step": 0.1,
			"default_value": 0.1
		}
	]
}