{
	"menu_id": "sydneyhud_experimental",
	"parent_menu_id": "sydneyhud_options",
	"title": "sydneyhud_experimental",
	"description": "sydneyhud_experimental_desc",
	"items": [
		{
			"type": "slider",
			"id": "waypoint_color_r",
			"title": "waypoint_color_r",
			"description": "waypoint_color_r_desc",
			"callback": "callback_waypoint_color_r",
			"value": "waypoint_color_r",
			"max": 1,
			"min": 0,
			"step": 0.01,
			"default_value": 0
		},
		{
			"type": "slider",
			"id": "waypoint_color_g",
			"title": "waypoint_color_g",
			"description": "waypoint_color_g_desc",
			"callback": "callback_waypoint_color_g",
			"value": "waypoint_color_g",
			"max": 1,
			"min": 0,
			"step": 0.01,
			"default_value": 0.5
		},
		{
			"type": "slider",
			"id": "waypoint_color_b",
			"title": "waypoint_color_b",
			"description": "waypoint_color_b_desc",
			"callback": "callback_waypoint_color_b",
			"value": "waypoint_color_b",
			"max": 1,
			"min": 0,
			"step": 0.01,
			"default_value": 1
		},
		{
			"type": "divider",
			"size": 32
		},
		{
			"type": "toggle",
			"id": "civilian_spot",
			"title": "civilian_spot",
			"description": "civilian_spot_desc",
			"callback": "callback_civilian_spot",
			"value": "civilian_spot",
			"default_value": false
		},
		{
			"type": "toggle",
			"id": "civilian_spot_voice",
			"title": "civilian_spot_voice",
			"description": "civilian_spot_voice_desc",
			"callback": "callback_civilian_spot_voice",
			"value": "civilian_spot_voice",
			"default_value": false
		},
		{
			"type": "toggle",
			"id": "clean_flashbang",
			"title": "clean_flashbang",
			"description": "clean_flashbang_desc",
			"callback": "callback_clean_flashbang",
			"value": "clean_flashbang",
			"default_value": false
		},

		{
			"type": "toggle",
			"id": "custom_fov",
			"title": "custom_fov",
			"description": "custom_fov_desc",
			"callback": "callback_custom_fov",
			"value": "custom_fov",
			"default_value": false
		},
		{
			"type": "slider",
			"id": "custom_fov_degrees",
			"title": "custom_fov_degrees",
			"description": "custom_fov_degrees_desc",
			"callback": "callback_custom_fov_degrees",
			"value": "custom_fov_degrees",
			"max": 110,
			"min": 30,
			"step": 1,
			"default_value": 80
		}
	]
}